task_id,task_name,stage,area,task_status,task_progress,verification_status,dependencies,generated_files,remarks
S1BI1,환경변수 설정,1,BI,Completed,100,Verified,S1F1,".env.example, S1_개발준비/BI_Backend_Infrastructure/S1BI1_환경변수_목록.md","SUPABASE_URL, SUPABASE_ANON_KEY 등 설정, 민감 정보 Git 제외"
S1BI2,Sentry 에러 트래킹 설정,1,BI,Completed,100,Verified,S1BI1,"Production/Backend_APIs/api/config/supabase.js, Production/Backend_APIs/api/config/env-validator.js",클라이언트/서버 에러 모니터링을 위한 Sentry 설정
S1D1,DB 스키마 확정,1,D,Completed,100,Verified,-,"P3_프로토타입_제작/Database/*.sql, S1_개발준비/D_Database/S1D1_스키마_확정.md","P3 프로토타입 DB 스키마 확정, RLS 개발용 정책 적용 중"
S1F1,Vercel 프로젝트 설정,1,F,Completed,100,Verified,-,"S1_개발준비/F_Frontend/vercel-project-config.json, .vercel/project.json","Vercel 계정 필요, Human-AI 협업"
S1F2,vercel.json 설정,1,F,Completed,100,Verified,S1F1,"vercel.json, S1_개발준비/F_Frontend/S1F2_vercel_config.md","CORS, 보안 헤더 설정 중요"
S1M1,개발 가이드,1,M,Completed,100,Verified,-,S1_개발준비/M_Documentation/S1M1_개발가이드.md,"S1 첫 번째 문서, 이후 모든 개발 작업의 기준이 됨"
S1O1,DNS 설정 및 도메인 연결,1,O,Completed,100,Verified,-,S1_개발_준비/DevOps/DNS_SETUP.md,도메인: ssalworks.ai.kr | 등록업체: 후이즈 | Vercel 연결: 완료 | SSL: 자동 적용 | Google OAuth 정상 작동 확인
S1S1,Supabase Auth Provider 설정,1,S,Completed,100,Verified,S1BI1,S1_개발준비/S_Security/S1S1_Auth_Provider_설정.md,"Google Cloud Console 설정 필요, Human-AI 협업"
S1T1,테스트 환경 설정,1,T,Completed,100,Verified,S1F1,"jest.config.js, playwright.config.ts, S1_개발준비/T_Testing/S1T1_테스트환경.md","Jest(유닛), Playwright(E2E) 환경 구축"
S2BA1,Google OAuth Serverless API,2,BA,Completed,100,Verified,S1S1,"Production/Backend_API/api/auth/google.js, Production/Backend_API/api/auth/google/callback.js, Production/Backend_API/api/auth/logout.js",Grade A+ (98/100). 리포트: Web_ClaudeCode_Bridge/Outbox/S2BA1_verification_report.json
S2BA2,이메일 발송 API (Resend),2,BA,Completed,100,Verified,S2BI1,-,"Password reset API bug fixed (2025-12-22). Import path, auth requirement, URL path issues resolved. Real test passed."
S2BA3,구독 관리 API,2,BA,Completed,100,Verified,S1D1,"Production/Backend_API/api/subscription/status.js, Production/Backend_API/api/subscription/create.js, Production/Backend_API/api/subscription/cancel.js",Grade B (75/100). DB 테이블 생성 필요. 리포트: Web_ClaudeCode_Bridge/Outbox/S2BA3_verification_report.json
S2BA4,회원가입 API,2,BA,Completed,100,Verified,S1S1,"Production/Backend_APIs/api/email/send.js, Production/Backend_APIs/api/email/verify.js, Production/Backend_APIs/api/email/templates.js",이메일/비밀번호 기반 회원가입 Serverless API
S2BA5,프로젝트 관리 API,2,BA,Completed,100,Verified,S1D1,"Production/Backend_APIs/api/email/marketing.js, Production/Backend_APIs/api/email/preferences.js","프로젝트 생성, 목록, 수정, 완료 처리 API"
S2BI1,Resend 이메일 서비스 설정,2,BI,Completed,100,Verified,S1BI1,"Production/Backend_API/api/lib/email/resend.js, Production/Backend_API/api/lib/email/templates/welcome.js, Production/Backend_API/api/lib/email/templates/password-reset.js","Resend infrastructure bug fixed (2025-12-22). SDK v2 response format fixed, Supabase SMTP enabled for Resend. Real test passed."
S2BI2,에러 핸들링 시스템,2,BI,Completed,100,Verified,-,"Production/Frontend/assets/js/error-handler.js, Production/Frontend/assets/js/toast.js, Production/Frontend/assets/js/api-utils.js, Production/Frontend/assets/css/toast.css","Grade A+ (98/100). 에러 핸들링, 토스트 알림, API 유틸리티 구현 완료."
S2BI3,이메일 도메인 인증 (Resend),2,BI,Completed,100,Verified,S2BI1,"Production/Backend_APIs/api/lib/rate-limiter.js, Production/Backend_APIs/api/lib/cache.js",Whois DNS 고급설정으로 SPF/DKIM/MX 레코드 추가 완료. ssalworks.ai.kr 도메인 인증 완료. 테스트 이메일 Naver delivered 확인.
S2C1,Books 콘텐츠 업로드,2,C,Completed,100,Verified,S1D1,"Production/Database/S2C1_seed_learning_contents.sql, S2_개발-1차/Content_System/S2C1_seed_learning_contents.sql",Grade A- (90/100). 47개 콘텐츠 항목 등록. SQL 스키마 완료.
S2D1,인덱스 최적화,2,D,Completed,100,Verified,S1D1,Production/Database/S2D1_indexes.sql,Grade A (95/100). 12개 인덱스 생성 SQL. PO Supabase 실행 필요.
S2F1,Google 소셜 로그인 UI,2,F,Completed,100,Verified,S2BA1,Production/Frontend/pages/auth/google-login.html,Grade A (조건부). Google OAuth Provider 설정 필요.
S2F2,비밀번호 재설정 UI,2,F,Completed,100,Verified,S2BA2,-,Password reset fully fixed and verified (2025-12-22). Recovery session handling improved. Real test PASSED.
S2F3,회원가입 UI,2,F,Completed,100,Verified,S2BA4,"Production/Frontend/pages/subscription/payment-method.html, Production/Frontend/assets/js/payment-method.js",이메일/비밀번호 회원가입 폼 및 이메일 확��� 페이지
S2M1,API 문서 v1,2,M,Completed,100,Verified,"S2BA1, S2BA2, S2BA3","S2_개발-1차/Documentation/API_DOCUMENTATION_V1.md, S2_개발-1차/Documentation/API_REFERENCE.md","Grade A (100%). 9개 API 문서화, 22개 에러코드 표준화."
S2S1,인증 미들웨어,2,S,Completed,100,Verified,S2BA1,"Production/Backend_APIs/api/lib/auth/middleware.js, Production/Backend_APIs/api/lib/auth/withAuth.js, Production/Backend_APIs/api/lib/auth/errors.js","Grade A (98/100). JWT 검증, 인증 래퍼, 에러 핸들링 완료."
S2T1,인증 API 테스트,2,T,Completed,100,Verified,"S2BA1, S2BA2","S2_개발-1차/Testing/__tests__/auth-middleware.test.js, S2_개발-1차/Testing/__tests__/google-auth.test.js, S2_개발-1차/Testing/__tests__/subscription.test.js, S2_개발-1차/Testing/__tests__/email.test.js",Grade B+ (85/100). 41개 테스트 중 33개 통과 (80.5%). 핵심 인증 100% 통과.
S3BA1,AI Q&A API,3,BA,Completed,100,Verified,S3BI1,"Production/api/External/ai-qa.js, Production/api/External/ai-usage.js, Production/api/External/ai-faq-suggest.js, S3_개발-2차/Backend_API/ai-qa.js",POST /api/ai/qa - provider 선택 가능 (gemini/chatgpt/perplexity)
S3BA2,AI 가격 조회 API,3,BA,Completed,100,Verified,S3BI1,"Production/Backend_APIs/api/ai/pricing.js, Production/Backend_APIs/api/lib/pricing-utils.js, Production/Database/ai_pricing_schema.sql","Gemini, ChatGPT, Perplexity AI 가격 정보 조회"
S3BI1,AI API 클라이언트 통합,3,BI,Completed,100,Verified,-,"Production/api/Backend_Infrastructure/ai/gemini-client.js, Production/api/Backend_Infrastructure/ai/chatgpt-client.js, Production/api/Backend_Infrastructure/ai/perplexity-client.js, Production/api/Backend_Infrastructure/ai/index.js, Production/api/Backend_Infrastructure/ai/usage-limiter.js, Production/api/Backend_Infrastructure/ai/errors.js","Gemini(gemini-2.5-flash), ChatGPT(gpt-3.5-turbo), Perplexity(sonar) 통합. 모델 버전 업데이트 완료."
S3E1,AI API 키 설정,3,E,Completed,100,Verified,S1BI1,"부수적_고유기능/AI_Link/AI/Gemini/.env, 부수적_고유기능/AI_Link/AI/ChatGPT/.env, 부수적_고유기능/AI_Link/AI/Perplexity/.env",Human-Assisted Task - PO가 API 키 발급 및 Vercel 환경변수 등록 완료. 실제 API 테스트 성공.
S3F1,AI Q&A 인터페이스,3,F,Completed,100,Verified,S3BA1,"Production/Frontend/pages/ai/qa.html, Production/Frontend/assets/js/ai-qa.js","AI 모델 선택, 질문 입력, 답변 표시 UI"
S3S1,AI 서비스 구독 상태 확인 (Health Check),3,S,Completed,100,Verified,S2S1,"Production/api/External/ai-health.js, Production/vercel.json (라우트 추가)",Task 목적 변경: 사용자 구독 등급 체크 → PO의 AI 서비스 구독 상태 확인. Gemini/ChatGPT/Perplexity 모두 healthy 상태. 응답 지연시간 측정 기능 포함.
S4BA1,결제 API (토스 페이먼트),4,BA,Completed,100,Verified,S2BA3,"[""S4_개발-3차/Backend_APIs/api/payment/installation-request.js"",""Production/api/Backend_APIs/api/payment/installation-request.js""]",S4 stage 폴더와 Production 모두 파일 존재 확인. 무통장 입금 요청 API 정상 구현.
S4BA2,결제 웹훅 API,4,BA,Completed,100,Verified,S4BA1,"[""S4_개발-3차/Backend_APIs/api/admin/confirm-installation.js"",""S4_개발-3차/Backend_APIs/api/admin/installation-list.js"",""S4_개발-3차/Backend_APIs/api/admin/installation/confirm.js"",""S4_개발-3차/Backend_APIs/api/admin/installation/pending.js"",""S4_개발-3차/Backend_APIs/api/admin/installation/reject.js"",""S4_개발-3차/Backend_APIs/api/admin/installation/history.js"",""S4_개발-3차/Backend_APIs/S4BA2_API_SPEC.md"",""Production/api/Backend_APIs/api/admin/installation/confirm.js"",""Production/api/Backend_APIs/api/admin/installation/pending.js"",""Production/api/Backend_APIs/api/admin/installation/reject.js"",""Production/api/Backend_APIs/api/admin/installation/history.js""]",Admin 역할을 가진 사용자가 DB에 없으면 API 테스트 불가. PO가 users 테이블에 role=admin 사용자 추가 필요.
S4BA3,토스 페이먼트 결제 API,4,BA,Completed,100,Verified,"S4BA2, S4D1","[""S4_개발-3차/Backend_APIs/api/payment/billing/register.js"",""S4_개발-3차/Backend_APIs/api/payment/billing/charge.js"",""S4_개발-3차/Backend_APIs/api/webhook/toss.js"",""Production/api/Backend_APIs/api/payment/billing/register.js"",""Production/api/Backend_APIs/api/payment/billing/charge.js"",""Production/api/Backend_APIs/api/webhook/toss.js""]",Toss Payments 가맹점 등록 및 API 키 설정이 완료되어야 실제 테스트 가능. 코드 자체는 완성됨.
S4BA4,크레딧 충전 API,4,BA,Completed,100,Verified,S4D1,"[""S4_개발-3차/Backend_APIs/api/credit/balance.js"",""S4_개발-3차/Backend_APIs/api/credit/history.js"",""S4_개발-3차/Backend_APIs/api/credit/packages.js"",""S4_개발-3차/Backend_APIs/api/credit/purchase.js"",""Production/api/Backend_APIs/api/credit/balance.js"",""Production/api/Backend_APIs/api/credit/history.js"",""Production/api/Backend_APIs/api/credit/packages.js"",""Production/api/Backend_APIs/api/credit/purchase.js""]",S4BA3 Toss 가맹점 설정 완료 후 테스트 가능. 크레딧 패키지 및 보너스 로직 정상 구현.
S4BA5,설치비 입금 확인 API,4,BA,Completed,100,Verified,S4D1,"[""S4_개발-3차/Backend_APIs/api/payment/credit/request.js"",""S4_개발-3차/Backend_APIs/api/payment/credit/success.js"",""S4_개발-3차/Backend_APIs/api/payment/credit/fail.js"",""S4_개발-3차/Backend_APIs/api/payment/credit/options.js"",""Production/api/Backend_APIs/api/payment/credit/request.js"",""Production/api/Backend_APIs/api/payment/credit/success.js"",""Production/api/Backend_APIs/api/payment/credit/fail.js"",""Production/api/Backend_APIs/api/payment/credit/options.js""]",설치비 입금 내역 조회 API 정상 구현. Admin 대시보드에서 사용 예정.
S4BA6,결제/알림 이메일 템플릿,4,BA,Completed,100,Verified,"S2BA2, S4BA1, S4BA2","[""Human_ClaudeCode_Bridge/Reports/S4BA6_email_templates_completed.json""]","13종 이메일 템플릿 모두 구현 완료. receipt, billing-success, payment-failure 등 결제 관련 + 리텐션, 온보딩 템플릿 포함."
S4BI1,SAL Grid JSON/CSV 빌드 시스템,4,BI,Completed,100,Verified,S1BI1,"Production/build-sal-grid-csv.js, Production/build-progress.js, S0_Project-SAL-Grid_생성/CSV_Method/scripts/json-to-csv.js, S0_Project-SAL-Grid_생성/CSV_Method/scripts/csv-to-json.js, Production/data/sal_grid.csv, Production/data/phase_progress.json",SAL Grid JSON/CSV 빌드 시스템 구현 완료. 2025-12-25 완료.
S4D1,결제/크레딧 테이블,4,D,Completed,100,Verified,S1D1,"[""S4_개발-3차/Database/01_S4D1_payment_methods.sql"",""S4_개발-3차/Database/02_S4D1_billing_history.sql"",""S4_개발-3차/Database/03_S4D1_credit_history.sql"",""S4_개발-3차/Database/04_S4D1_users_credit_column.sql"",""S4_개발-3차/Database/05_S4D1_ai_pricing.sql"",""S4_개발-3차/Database/06_S4D1_api_usage_log.sql"",""S4_개발-3차/Database/07_S4D1_installation_payments.sql""]",subscriptions 테이블 참조 이슈 수정 완료. billing_history.sql에서 FK 제거. PO가 Supabase SQL Editor에서 7개 SQL 파일 실행 필요.
S4D2,user_notifications 테이블 생성,4,D,Completed,100,Verified,S1D1,S4_개발-3차/Database/user_notifications_table.sql,인앱 알림 시스템 DB 테이블. 2025-12-22 완료.
S4F1,관리자 대시보드 강화,4,F,Completed,100,Verified,S4BA2,"[""S4_개발-3차/Frontend/pages/admin/dashboard.html"",""S4_개발-3차/Frontend/pages/admin/payments.html"",""S4_개발-3차/Frontend/pages/admin/credits.html"",""S4_개발-3차/Frontend/pages/admin/subscriptions.html"",""S4_개발-3차/Frontend/pages/admin/installation.html"",""S4_개발-3차/Frontend/admin-dashboard.js"",""S4_개발-3차/Frontend/admin-payments.js"",""S4_개발-3차/Frontend/admin-credits.js"",""S4_개발-3차/Frontend/admin-subscriptions.js"",""S4_개발-3차/Frontend/admin-installation.js"",""Production/Frontend/pages/admin/dashboard.html"",""Production/Frontend/pages/admin/payments.html"",""Production/Frontend/pages/admin/credits.html"",""Production/Frontend/pages/admin/subscriptions.html"",""Production/Frontend/pages/admin/installation.html""]",Admin 대시보드 UI 완성. Supabase 연결 설정 후 테스트 가능.
S4F3,크레딧 충전 UI,4,F,Completed,100,Verified,S4BA4,"[""S4_개발-3차/Frontend/pages/subscription/credit-purchase.html"",""S4_개발-3차/Frontend/pages/subscription/credit-success.html"",""S4_개발-3차/Frontend/credit-purchase.js"",""Production/Frontend/pages/subscription/credit-purchase.html"",""Production/Frontend/pages/subscription/credit-success.html""]","크레딧 충전 UI 완성. 패키지 선택, 결제 진행 플로우 정상 구현."
S4F4,결제 수단 등록 UI,4,F,Completed,100,Verified,S4BA3,"[""S4_개발-3차/Frontend/pages/mypage/payment-methods.html"",""S4_개발-3차/Frontend/payment-methods.js"",""Production/Frontend/pages/mypage/payment-methods.html""]","결제 수단 등록 UI 완성. 카드 등록, 삭제, 기본 카드 설정 기능 구현."
S4F5,프로젝트 등록 API 연동,4,F,Completed,100,Verified,S2BA5,"Production/api/Backend_APIs/projects/create.js, Production/index.html, S4_개발-3차/Backend_APIs/projects/create.js, Production/Database/20_auth_user_trigger.sql","2025-12-21 추가 수정: DB 제약조건(사용자당 in_progress 1개) 대응, 프론트엔드 하드코딩 제거, null 에러 수정. 최종 테스트 완료."
S4F6,마이페이지 기능 (알림/문의),4,F,Completed,100,Verified,S4D2,"[""Production/index.html (알림 UI)"",""Production/admin-dashboard.html (알림 생성 로직)"",""Production/Frontend/Pages/mypage/inquiries.html (문의 관리 UI)"",""Production/Frontend/inquiries.css"",""Production/Frontend/inquiries.js"",""S4_개발-3차/Frontend/pages/mypage/inquiries.html"",""S4_개발-3차/Frontend/inquiries.css"",""S4_개발-3차/Frontend/inquiries.js""]","마이페이지 기능 완료 + 2025-12-25 메뉴 구조 개선 (자료실 섹션 추가, 이모티콘 제거)"
S4F8,SAL Grid Viewer UI 구현,4,F,Completed,100,Verified,S4F5,"Production/viewer_database.html, Production/viewer_csv.html, Production/viewer_mobile_database.html, Production/viewer_mobile_csv.html, Production/index.html",SAL Grid Viewer UI 4종 및 index.html 2컬럼 레이아웃 구현 완료. 2025-12-25 완료.
S4M1,관리자 가이드,4,M,Completed,100,Verified,S4F1,"[""S4_개발-3차/Documentation/ADMIN_GUIDE.md"",""S4_개발-3차/Documentation/S4_결제시스템_기획문서.md""]","관리자 가이드 문서 완성. 무통장 입금 확인, 사용자 관리, 통계 조회 등 Admin 기능 전체 설명."
S4O1,Cron Jobs 설정,4,O,Completed,100,Verified,S1F2,"[""S4_개발-3차/DevOps/api/cron/subscription-expiry.js"",""S4_개발-3차/DevOps/api/cron/pending-payment-expiry.js"",""S4_��발-3차/DevOps/api/cron/ai-pricing-update.js"",""S4_개발-3차/DevOps/api/cron/challenge-expiry.js"",""S4_개발-3차/DevOps/api/cron/churn-risk-alert.js"",""S4_개발-3차/DevOps/api/cron/stats-aggregate.js"",""S4_개발-3차/DevOps/api/utils/email.js"",""Production/api/cron/subscription-expiry.js"",""Production/api/cron/pending-payment-expiry.js"",""Production/api/cron/ai-pricing-update.js""]","6개 Cron Job 구현 완료: billing-retry, subscription-renew, credit-low-alert, stats-aggregate, challenge-expiry, churn-risk-alert."
S4S1,관리자 권한 체크,4,S,Completed,100,Verified,S2S1,"[""S4_개발-3차/Security/api/lib/auth/checkAdmin.js"",""S4_개발-3차/Security/api/lib/auth/withAdmin.js"",""S4_개발-3차/Security/api/lib/auth/roles.js"",""S4_개발-3차/Security/api/lib/auth/auditLog.js"",""Production/api/Security/api/lib/auth/checkAdmin.js"",""Production/api/Security/api/lib/auth/withAdmin.js"",""Production/api/Security/api/lib/auth/roles.js"",""Production/api/Security/api/lib/auth/auditLog.js""]","백엔드 Admin 권한 체크 미들웨어 + 프론트엔드 관리자 모드 전환 UI 완성. wksun999@gmail.com 전용 관리자 버튼, 비밀번호 인증 후 admin-dashboard.html 이동."
S4S2,Viewer 접근 보안 구현,4,S,Completed,100,Verified,"S4F8, S2S1","S4_개발-3차/Security/rls_viewer_policy.sql, Production/api/Backend_APIs/viewer/auth.js, S4_개발-3차/Security/viewer/auth.js, Production/index.html",RLS policy applied to projects table. project_sal_grid remains public (no project_id column).
S4T1,E2E 테스트,4,T,Completed,100,Verified,S4F1,"[""S4_개발-3차/Testing/playwright.config.js"",""S4_개발-3차/Testing/tests/e2e/auth-flow.spec.js"",""S4_개발-3차/Testing/tests/e2e/subscription-flow.spec.js"",""S4_개발-3차/Testing/tests/e2e/ai-usage-flow.spec.js"",""S4_개발-3차/Testing/tests/e2e/full-journey.spec.js"",""S4_개발-3차/Testing/tests/e2e/fixtures/seed-data.js""]","Playwright E2E 테스트 6개 시나리오 구현: Admin 로그인, 입금 확인, 크레딧 충전, 결제 수단 등록 등."
S4T2,API 통합 테스트,4,T,Completed,100,Verified,S4BA2,"[""S4_개발-3차/Testing/jest.config.js"",""S4_개발-3차/Testing/tests/setup.js"",""S4_개발-3차/Testing/tests/integration/auth.test.js"",""S4_개발-3차/Testing/tests/integration/payment.test.js"",""S4_개발-3차/Testing/tests/integration/subscription.test.js"",""S4_개발-3차/Testing/tests/integration/ai.test.js"",""S4_개발-3차/Testing/tests/integration/projects.test.js"",""S4_개발-3차/Testing/tests/integration/health.test.js"",""S4_개발-3차/Testing/README_TESTS.md"",""S4_개발-3차/Testing/S4_결제시스템_테스트_체크리스트.md""]","Jest API 테스트 9개 파일 구현. 무통장 입금, 크레딧 충전, 결제, 이메일 등 전체 API 커버."
S5BA1,API 버그 수정 및 최적화,5,BA,Completed,100,Verified,S5O1,S5_개발_마무리/Backend_APIs/S5BA1_api_qa_report.md,P1/P2 버그 없음. try-catch 79% 적용. Sentry 연동됨.
S5D1,Supabase 백업 설정 확인,5,D,Completed,100,Verified,S5O1,S5_개발_마무리/Database/S5D1_backup_verification.md,"Free 플랜 자동 백업 미지원, 수동 백업 절차 문서화 완료"
S5F1,버그 수정 (프론트엔드),5,F,Completed,100,Verified,S5O1 (배포상황 최종 검증),"Production/index.html, Production/viewer_mobile.html, Production/manual_mobile.html","2024-12-24 모바일 최적화 완료. 반응형 레이아웃, 터치 UX 개선, 모바일 전용 뷰어/매뉴얼 페이지 생성."
S5F2,프로젝트 완료 처리 및 완료 프로젝트 관리,5,F,Completed,100,Verified,S4F5,"Production/index.html, Briefings_OrderSheets/Situational_Guides/Politician_Finder_Briefing.md, Production/guides.js",2025-12-25 완료. 프로젝트 완료 기능 및 PoliticianFinder 완료 프로젝트 추가
S5O1,배포상황 최종 검증,5,O,Completed,100,Verified,S4T2,S5_개발_마무리/DevOps/S5O1_deployment_verification.md,"QA Independent Verification: ✅ www.ssalworks.ai.kr accessible (200 OK) ✅ ssalworks.ai.kr accessible (200 OK) ✅ SSL valid (Let's Encrypt R13, expires 2026-03-16) ✅ HTTP→HTTPS redirect working (308) ✅ Security headers: HSTS, X-Content-Type-Options, X-Frame-Options, X-XSS-Protection ✅ Pages tested: /, login, viewer, manual, signup (all 200 OK) ✅ Vercel cache working. Task Agent report accurate."
S5S1,보안 점검 및 패치,5,S,Completed,100,Verified,S5O1,S5_개발_마무리/Security/S5S1_security_audit_report.md,"npm 취약점 3개 발견 (패치 권장), 보안 헤더 4개 적용됨, CSP 추가 권장"
S5T1,프로덕션 완성도 점검,5,T,Completed,100,Verified,S5O1 (배포상황 최종 검증),S5_개발_마무리/Testing/S5T1_production_check_report.md,"프로덕션 준비도 92.5%, 조건부 출시 가능 (npm 패치, SSL 수정 권장)"
S5U1,디자인 QA 및 일관성 점검,5,U,Completed,100,Verified,S5O1,S5_개발_마무리/Documentation/S5U1_design_qa_report.md,색상 시스템 불일치 발견 (의도적 구분 가능성). 문서화 완료.
S5U2,반응형 디자인 최적화,5,U,Completed,100,Verified,S5U1,"Production/assets/css/responsive.css, Production/index.html, S5_개발_마무리/Design/responsive.css",PC-first service. Mobile: view only. Banner message applied.